clip_id,t_s,fire_conf,flame_outside_frac,flame_area_frac,smoke_index,temp_delta_c,humidity_delta_pct,certified_smoke_alarm,visual_ok,smoke_ok,temp_ok,reset_requested
normal_cooking,0,0.80,0.05,0.02,0.10,0.5,2,0,1,1,1,0
normal_cooking,1,0.82,0.06,0.02,0.12,0.8,3,0,1,1,1,0
normal_cooking,2,0.79,0.04,0.02,0.15,1.0,4,0,1,1,1,0
steam_cooking,0,0.75,0.05,0.02,0.10,0.5,2,0,1,1,1,0
steam_cooking,1,0.76,0.05,0.02,0.40,0.7,13,0,1,1,1,0
steam_cooking,2,0.74,0.05,0.02,0.42,0.9,14,0,1,1,1,0
steam_cooking,3,0.72,0.05,0.02,0.12,1.0,8,0,1,1,1,0
escaped_flame,0,0.80,0.05,0.02,0.10,0.5,2,0,1,1,1,0
escaped_flame,1,0.90,0.80,0.08,0.10,1.0,2,0,1,1,1,0
escaped_flame,2,0.91,0.82,0.09,0.11,1.1,2,0,1,1,1,0
escaped_flame,3,0.92,0.81,0.10,0.12,1.2,2,0,1,1,1,0
escaped_flame,4,0.93,0.84,0.12,0.80,8.5,2,0,1,1,1,0
escaped_flame,5,0.94,0.84,0.12,0.82,8.7,2,0,1,1,1,0
escaped_flame,6,0.93,0.85,0.13,0.83,9.0,2,0,1,1,1,0
escaped_flame,7,0.93,0.86,0.13,0.84,9.2,2,0,1,1,1,0
escaped_flame,8,0.92,0.86,0.13,0.85,9.5,2,0,1,1,1,0
escaped_flame,9,0.00,0.00,0.00,0.10,1.0,2,0,1,1,1,0
escaped_flame,10,0.00,0.00,0.00,0.10,1.0,2,0,1,1,1,1
sensor_missing,0,0.80,0.05,0.02,,,,0,1,0,0,0
sensor_missing,1,0.90,0.80,0.08,,,,0,1,0,0,0
sensor_missing,2,0.00,0.00,0.00,,,,0,1,0,0,0
independent_alarm,0,0.00,0.00,0.00,0.10,0.0,0,1,1,1,1,0
independent_alarm,1,0.00,0.00,0.00,0.10,0.0,0,0,1,1,1,0
independent_alarm,2,0.00,0.00,0.00,0.10,0.0,0,0,1,1,1,1
